id,volume,location,created_at,event
1,0.673199,Watershed,2018-05-04 10:06:51.090152,Log
2,38.3037,Watershed,2018-05-04 10:06:53.508107,Activated
3,77.2101,Watershed,2018-05-04 10:06:54.055919,Log
4,5.67592,Watershed,2018-05-04 10:06:57.072399,Log
5,2.3941,Watershed,2018-05-04 10:07:00.089058,Log
6,0.326833,Watershed,2018-05-04 10:07:03.089149,Log
7,,Watershed,2018-05-04 10:58:32.581991,On
8,0.594733,Watershed,2018-05-04 10:58:35.658599,Log
9,0.34657,Watershed,2018-05-04 10:58:38.662056,Log
10,25.5993,Watershed,2018-05-04 10:58:40.663706,Activated
11,1.94806,Watershed,2018-05-04 10:58:41.663347,Log
12,4.38617,Watershed,2018-05-04 10:58:44.665033,Log
13,1.76495,Watershed,2018-05-04 10:58:47.673665,Log
14,2.39089,Watershed,2018-05-04 10:58:50.681165,Log
15,25.6748,Watershed,2018-05-04 10:58:52.014567,Activated
16,0.748491,Watershed,2018-05-04 10:58:53.683018,Log
17,4.26196,Watershed,2018-05-04 10:58:56.681941,Log
18,3.34937,Watershed,2018-05-04 10:58:59.682511,Log
19,1.13166,Watershed,2018-05-04 10:59:02.684393,Log
20,0.394748,Watershed,2018-05-04 10:59:05.684401,Log
21,2.04872,Watershed,2018-05-04 10:59:08.718971,Log
22,26.5666,Watershed,2018-05-04 10:59:10.28582,Activated
23,,Watershed,2018-05-04 15:07:48.194868,On
24,18.3325,Watershed,2018-05-04 15:07:51.163282,Log
25,,Watershed,2018-05-04 15:10:52.78602,On
26,14.847,Watershed,2018-05-04 15:10:55.788841,Log
27,17.5176,Watershed,2018-05-04 15:10:58.804464,Log
28,15.692,Watershed,2018-05-04 15:11:01.807087,Log
29,25.4431,Watershed,2018-05-04 15:11:03.273612,Activated
30,13.4267,Watershed,2018-05-04 15:11:04.807371,Log
31,18.5238,Watershed,2018-05-04 15:11:07.823759,Log
32,15.5364,Watershed,2018-05-04 15:11:10.824642,Log
33,19.7435,Watershed,2018-05-04 15:11:13.824115,Log
34,27.0699,Watershed,2018-05-04 15:11:13.982388,Activated
35,20.1454,Watershed,2018-05-04 15:11:16.824042,Log
36,21.5678,Watershed,2018-05-04 15:11:19.825197,Log
37,10,Watershed,2018-05-08 10:56:45.59241,LOG
38,10,Watershed,2018-05-08 10:57:13.738058,LOG
39,10,Watershed,2018-05-08 11:01:16.05803,LOG
40,1.2,Watershed,2018-05-08 11:01:46.104833,LOG
41,1.2,Watershed,2018-05-08 11:05:58.413787,LOG
42,1.2,Watershed,2018-05-08 11:06:35.131368,LOG
43,1.2,Watershed,2018-05-08 11:07:19.573474,LOG
44,1.2,Watershed,2018-05-08 11:07:54.174049,LOG
45,1.2,Watershed,2018-05-08 11:08:20.339115,LOG
46,1.2,Watershed,2018-05-08 11:09:55.114054,LOG
47,1.2,Watershed,2018-05-08 11:10:18.057258,LOG
48,1.2,Watershed,2018-05-08 11:10:48.945866,LOG
49,1.2,Watershed,2018-05-08 11:15:07.939477,LOG
50,1.2,Watershed,2018-05-08 11:23:53.636793,LOG
51,1.2,Watershed,2018-05-08 11:24:33.45004,LOG
52,1.2,Watershed,2018-05-08 11:26:03.086962,LOG
53,1.2,Watershed,2018-05-08 11:26:39.187974,LOG
54,1.2,Watershed,2018-05-08 11:27:46.843732,LOG
55,1.2,Watershed,2018-05-08 11:32:26.195254,LOG
56,1.2,Watershed,2018-05-08 11:33:30.831779,LOG
57,1.2,Watershed,2018-05-08 11:43:13.662227,LOG
58,1.2,Watershed,2018-05-08 11:44:34.049127,LOG
59,1.2,Watershed,2018-05-08 11:46:04.365025,LOG
60,1.2,Watershed,2018-05-08 11:46:56.771218,LOG
61,1.2,Watershed,2018-05-08 11:47:44.393966,LOG
62,1.2,Watershed,2018-05-08 11:48:07.834332,LOG
63,1.2,Watershed,2018-05-08 11:48:31.384937,LOG
64,1.2,Watershed,2018-05-08 11:50:54.114654,LOG
65,1.2,Watershed,2018-05-08 11:52:02.216295,LOG
66,1.2,Watershed,2018-05-08 11:52:23.86438,LOG
67,1.2,Watershed,2018-05-08 11:55:53.295837,LOG
68,1.2,Watershed,2018-05-08 11:56:11.436962,LOG
69,1.2,Watershed,2018-05-08 12:07:10.215837,LOG
70,1.2,Watershed,2018-05-08 12:07:44.379515,LOG
71,1.2,Watershed,2018-05-08 12:12:45.109817,LOG
72,1.2,Watershed,2018-05-08 12:13:27.775085,LOG
73,1.2,Watershed,2018-05-08 12:13:53.064764,LOG
74,1.2,Watershed,2018-05-08 12:14:10.749314,LOG
75,1.2,Watershed,2018-05-08 12:14:55.894277,LOG
76,1.2,Watershed,2018-05-08 12:20:34.742372,LOG
77,1.2,Watershed,2018-05-08 12:20:53.431706,LOG
78,1.2,Watershed,2018-05-08 12:24:34.14874,LOG
79,1.2,Watershed,2018-05-08 12:25:21.285496,LOG
80,1.2,Watershed,2018-05-08 12:28:09.797692,ON
82,1.6,Watershed,2018-05-08 12:33:57.160102,On
83,,Watershed,2018-05-08 12:39:20.525526,On
84,0.748777,Watershed,2018-05-08 12:40:08.604578,Log
85,1.70297,Watershed,2018-05-08 12:40:23.609444,Log
86,0.461393,Watershed,2018-05-08 12:40:26.610163,Log
